CWE,TP,FN,TN,FP,Total,TPR,FPR,Score
94,2,1,5,0,2,0.6666666666666666,0.0,0.6666666666666666
