CWE,TP,FN,TN,FP,Total,TPR,FPR,Score
94:Code injection,4,2,38,23,67,0.6666666666666666,0.3770491803278688,0.2896174863387978
,"Total TP:
4","Total FN:
2","Total TN:
38","Total FP:
23","Total Test Cases:
67","Average TPR:
0.6666666666666666","Average FPR:
0.3770491803278688","Average Score:
0.2896174863387978"
