CWE,TP,FN,TN,FP,Total,TPR,FPR,Score
94:Code injection,4,2,43,6,55,0.6666666666666666,0.12244897959183673,0.5442176870748299
,"Total TP:
4","Total FN:
2","Total TN:
43","Total FP:
6","Total Test Cases:
55","Average TPR:
0.6666666666666666","Average FPR:
0.12244897959183673","Average Score:
0.5442176870748299"
