CWE,TP,FN,TN,FP,Total,TPR,FPR,Score
94:Code injection,4,7,84,23,118,0.36363636363636365,0.21495327102803738,0.14868309260832627
,"Total TP:
4","Total FN:
7","Total TN:
84","Total FP:
23","Total Test Cases:
118","Average TPR:
0.36363636363636365","Average FPR:
0.21495327102803738","Average Score:
0.14868309260832627"
